 TaskID ,TaskName,TaskDescription,Date,EstimatedHours,ActualHours,Completed,Priority,TeamLeader,AmountPLN
1,Human Resources,Submit task C,11/22/2005,12,12,false,medium,Gratiana Micco,3204
2,Training,Submit task C,9/15/2008,11,13,false,normal,Silvano Arnli,1444
3,Support,Complete task A,11/9/2000,44,8,true,high,Janith Cosgrive,926
4,Business Development,Submit task C,7/1/2017,33,7,true,medium,Katheryn Castanho,2310
5,Support,Update task D,1/7/2012,10,11,false,urgent,Orelie Lisciardelli,1840
6,Business Development,Review task B,12/13/2006,37,5,true,moderate,Teriann Grinston,2830
7,Product Management,Assign task E,8/8/2010,50,10,false,maximum,Timmi Worman,3149
8,Business Development,Submit task C,10/11/2002,8,7,false,maximum,Elisha Fallen,622
9,Training,Update task D,2/13/2016,37,16,false,critical,Emeline Gainsford,2845
10,Business Development,Assign task E,10/10/2001,44,14,false,essential,Alonso Stride,2367
11,Engineering,Assign task E,9/15/2010,39,16,true,urgent,Lorrie Mattack,1494
12,Services,Submit task C,2/13/2011,46,15,true,maximum,Kathye Shopcott,1507
13,Business Development,Complete task A,2/26/2009,16,5,false,essential,Care Moodey,3828
14,Services,Update task D,2/2/2005,17,16,false,medium,Devy Caslake,2648
15,Marketing,Complete task A,2/13/2016,31,11,false,high,Milton Doig,3423
16,Support,Update task D,2/24/2020,36,16,true,normal,Burty Lichfield,3643
17,Business Development,Submit task C,9/19/2022,10,10,true,low,Octavia Ferryman,2832
18,Support,Complete task A,11/15/2003,15,5,false,essential,Noelani Kydde,3249
19,Human Resources,Update task D,7/28/2012,33,13,false,normal,Nanice Hadcock,3329
20,Training,Update task D,1/26/2007,29,9,true,maximum,David Paulack,2807
21,Human Resources,Submit task C,5/17/2015,8,17,true,critical,Fanny Frushard,1449
22,Human Resources,Complete task A,6/2/2006,21,5,false,essential,Freeman Lapidus,2327
23,Services,Complete task A,12/20/2001,19,9,false,moderate,Sterling Rubinsohn,2533
24,Training,Review task B,3/31/2013,8,9,false,high,Willamina Stares,1433
25,Engineering,Submit task C,12/12/2001,39,14,true,urgent,Betteanne Kewzick,1772
26,Training,Submit task C,4/7/2018,18,17,false,urgent,Carena Schober,3158
27,Services,Submit task C,12/23/2001,39,13,false,high,Irving Spellicy,1454
28,Human Resources,Submit task C,12/31/2011,20,7,false,normal,Dunc Andreone,2968
29,Support,Complete task A,9/13/2020,22,16,true,normal,Rancell Santhouse,3046
30,Support,Update task D,5/18/2019,35,7,true,normal,Field Croy,2972
31,Accounting,Review task B,2/15/2000,15,16,true,minimal,Janey Hegarty,1058
32,Services,Assign task E,3/3/2005,49,9,true,moderate,Vanni Benedit,2272
33,Support,Complete task A,6/6/2009,30,8,true,medium,Gordie Steeden,3459
34,Product Management,Submit task C,10/5/2020,21,6,true,essential,Chevy Cumesky,1258
35,Engineering,Assign task E,9/11/2020,32,9,true,medium,Duane Drinnan,2994
36,Accounting,Update task D,4/3/2022,48,12,true,minimal,Maybelle Gavrieli,3474
37,Engineering,Submit task C,12/6/2009,21,6,false,moderate,Sylvester Scherme,1684
38,Support,Complete task A,11/4/2002,37,5,true,minimal,Karl Binnall,1731
39,Legal,Submit task C,4/28/2019,16,10,false,critical,Pen Dunphy,2767
40,Product Management,Complete task A,12/23/2017,44,12,false,moderate,Meryl Law,3783
41,Training,Assign task E,8/8/2018,8,7,true,normal,Fidela Reglar,1073
42,Accounting,Complete task A,8/24/2000,28,7,true,moderate,Silvano Smellie,2213
43,Legal,Update task D,4/4/2000,40,12,true,urgent,Gena Burges,1957
44,Accounting,Complete task A,5/1/2008,34,14,true,medium,Sabra Bembridge,3829
45,Training,Review task B,7/17/2010,38,5,true,low,Bel Redsell,1024
46,Training,Assign task E,3/27/2021,18,14,true,critical,Miof mela Gronaver,3574
47,Marketing,Complete task A,3/14/2015,28,15,false,normal,Marion Francescotti,2285
48,Sales,Update task D,11/5/2005,9,8,false,medium,Merrill Van Leeuwen,2002
49,Services,Review task B,7/8/2019,10,11,false,high,Tonya Backen,3350
50,Services,Review task B,7/8/2014,40,14,false,medium,Bernadene Mityukov,1842
51,Product Management,Assign task E,9/13/2018,24,15,true,minimal,Adorne Viscovi,3596
52,Accounting,Complete task A,10/31/2020,13,8,true,minimal,Hailee Bozward,3831
53,Engineering,Update task D,5/13/2016,47,8,true,minimal,Jilleen Waggett,3522
54,Services,Update task D,12/10/2003,14,6,true,urgent,Harmonia Skeemer,818
55,Accounting,Assign task E,4/19/2019,37,7,true,low,Ernestine De Miranda,1492
56,Services,Review task B,6/20/2004,43,9,false,critical,Frans Senyard,2521
57,Research and Development,Submit task C,8/13/2021,28,14,false,maximum,Callie Zecchi,3745
58,Legal,Update task D,10/9/2002,43,11,true,low,Crystie Beckwith,2708
59,Product Management,Update task D,4/6/2022,47,6,true,high,Ike Horney,2401
60,Human Resources,Update task D,8/13/2004,14,17,true,high,Bonnie Oldknow,3476
61,Product Management,Review task B,12/27/2006,29,13,false,medium,Bertina Blackhall,812
62,Sales,Update task D,5/23/2005,50,16,false,essential,Ciro Von Welldun,950
63,Services,Update task D,6/6/2005,42,13,false,maximum,Ebonee Heeran,3155
64,Engineering,Update task D,3/12/2001,13,15,true,moderate,Kristopher McEllen,3664
65,Services,Review task B,12/6/2004,32,17,false,maximum,Reamonn Jellico,707
66,Sales,Update task D,9/28/2004,20,14,true,essential,Sibilla Grimolbie,918
67,Engineering,Submit task C,11/28/2014,42,11,true,low,Erinn Joysey,2110
68,Training,Assign task E,4/3/2019,13,14,true,essential,Gustave Romagosa,1255
69,Research and Development,Update task D,8/4/2022,39,11,false,essential,Margaretta Navan,3021
70,Engineering,Update task D,9/13/2011,28,10,true,moderate,Ellene Oguz,2066
71,Sales,Complete task A,8/30/2010,35,14,true,normal,Gerry Rois,2068
72,Business Development,Submit task C,12/29/2008,20,13,false,moderate,Martie Frankcom,802
73,Business Development,Review task B,1/23/2021,38,7,true,normal,Mario Oughton,2223
74,Support,Assign task E,6/10/2002,48,13,false,minimal,Clifford Coldbath,605
75,Legal,Submit task C,3/19/2019,37,12,false,critical,Eartha Fache,3164
76,Training,Complete task A,2/5/2003,49,16,false,urgent,Sibyl Andriulis,2184
77,Human Resources,Update task D,9/24/2021,28,12,true,urgent,Vivia Baal,1235
78,Training,Assign task E,7/6/2001,46,10,false,essential,Gwenette Laminman,1224
79,Marketing,Submit task C,7/19/2009,39,12,true,normal,Conant Traut,3118
80,Marketing,Update task D,11/10/2017,34,12,true,moderate,Rosy Fancutt,2556
81,Sales,Complete task A,6/9/2006,16,7,true,medium,Fred Coomer,3983
82,Product Management,Review task B,8/17/2008,20,11,false,low,Stace Spire,2362
83,Accounting,Review task B,1/7/2011,44,10,true,high,Essy Aldgate,3958
84,Legal,Submit task C,8/1/2013,23,10,true,normal,Fritz Pigeram,2360
85,Research and Development,Assign task E,8/1/2014,19,5,true,moderate,Madlen Lyles,797
86,Services,Update task D,9/5/2002,23,10,false,moderate,Vaughn Halworth,1339
87,Training,Review task B,3/6/2019,31,9,false,moderate,Harmon Pipping,3694
88,Marketing,Complete task A,5/11/2014,25,6,false,high,Garland Bessom,1381
89,Human Resources,Review task B,5/28/2012,39,11,false,high,Ed Abad,2099
90,Sales,Submit task C,2/20/2015,8,7,true,normal,Jimmy Gemeau,679
91,Services,Complete task A,6/2/2017,13,6,false,high,Solly Smallthwaite,1781
92,Engineering,Review task B,11/22/2011,22,14,false,medium,Simone Kinsley,1429
93,Research and Development,Submit task C,4/10/2021,17,9,false,critical,Emilio Hegdonne,525
94,Accounting,Assign task E,10/12/2007,34,15,false,medium,Orson Eley,2331
95,Marketing,Submit task C,11/5/2001,50,16,false,maximum,Lorna Sharp,3514
96,Legal,Update task D,4/8/2001,34,14,false,low,Irena Cohane,551
97,Training,Review task B,2/27/2008,18,15,false,essential,Ernst Aukland,2593
98,Sales,Complete task A,9/8/2007,44,5,true,maximum,Elyn Coslett,3880
99,Support,Complete task A,2/7/2005,17,12,true,urgent,Parsifal Riggs,2797
100,Research and Development,Assign task E,8/28/2012,15,9,true,moderate,Vivie Wilcott,3726
101,Marketing,Complete task A,6/24/2009,13,11,true,moderate,Joleen Rillett,2790
102,Product Management,Update task D,5/27/2005,42,13,true,normal,Carmon Stitle,3056
103,Research and Development,Complete task A,8/15/2001,39,9,false,low,Mab Vise,1647
104,Human Resources,Complete task A,4/6/2015,20,5,true,minimal,Melicent Berrington,2384
105,Accounting,Update task D,10/29/2001,47,15,false,critical,Candida Circuit,3146
106,Accounting,Submit task C,1/15/2022,32,15,true,normal,Guthry Compton,3311
107,Support,Submit task C,4/28/2022,50,5,false,urgent,Aida Fleming,2538
108,Product Management,Review task B,3/21/2005,8,15,true,maximum,Mathew McDaid,3295
109,Training,Submit task C,9/29/2019,47,8,false,normal,Janenna Elington,1040
110,Training,Review task B,4/21/2017,25,10,false,normal,Ashbey Swatridge,2437
111,Training,Review task B,10/29/2010,44,11,true,critical,Denys Heinzel,2831
112,Product Management,Submit task C,11/22/2008,22,9,false,minimal,Brannon Randals,3844
113,Human Resources,Review task B,4/25/2000,44,17,true,moderate,Lock Binding,2907
114,Human Resources,Review task B,11/6/2007,15,9,true,critical,Bryan Fugere,685
115,Engineering,Assign task E,6/15/2003,48,7,false,high,Randi Kleinberer,2186
116,Support,Update task D,12/30/2004,15,5,false,low,Matthus Bjorkan,2873
117,Engineering,Review task B,5/15/2022,9,16,true,low,Alexandro Leefe,2747
118,Business Development,Submit task C,8/22/2016,20,15,false,minimal,Renaldo Aspel,728
119,Marketing,Complete task A,8/10/2013,8,11,true,moderate,Adrian Binch,3236
120,Research and Development,Assign task E,1/6/2008,49,14,false,urgent,Rodie Springtorp,3267
121,Human Resources,Update task D,10/20/2012,36,10,false,normal,Joscelin Farrow,2186
122,Legal,Submit task C,11/16/2013,22,8,false,maximum,Alikee Aleksandrikin,3017
123,Marketing,Assign task E,3/20/2006,44,12,false,low,Sheri Grieswood,3856
124,Training,Update task D,9/26/2011,41,15,false,low,Glenna Stickley,1650
125,Legal,Submit task C,9/23/2005,40,17,false,minimal,Angelico Hodgins,3306
126,Research and Development,Submit task C,9/12/2011,38,13,true,critical,Edy Klugman,3517
127,Sales,Submit task C,10/9/2003,8,8,true,essential,Aldis Pawlowicz,3546
128,Support,Complete task A,6/23/2017,33,9,false,maximum,Gwendolyn Oleshunin,3551
129,Sales,Review task B,7/31/2015,44,5,true,moderate,Rafferty Batchelor,1094
130,Product Management,Submit task C,6/19/2013,19,9,true,normal,Burlie Edgeworth,2191
131,Marketing,Submit task C,11/28/2010,48,15,false,high,Gaby Lassetter,2939
132,Product Management,Update task D,6/10/2017,24,11,false,minimal,Fayre Packington,771
133,Legal,Review task B,2/21/2014,41,7,false,medium,Sophi Blackmore,759
134,Research and Development,Review task B,6/19/2006,9,6,true,medium,Beau Gerty,910
135,Support,Assign task E,8/28/2008,29,10,true,low,Basilio Rivard,2334
136,Training,Review task B,3/30/2003,33,8,true,minimal,Bibbye Klimke,3389
137,Engineering,Complete task A,8/14/2002,25,10,false,low,Cassie Pawlata,2464
138,Marketing,Complete task A,2/21/2010,23,14,true,essential,Tammi Chomley,3873
139,Business Development,Update task D,8/7/2006,27,15,true,high,Berni Wattam,2181
140,Training,Update task D,10/6/2015,20,8,false,normal,Suellen Sinnatt,1647
141,Legal,Submit task C,3/26/2000,26,15,true,normal,Dominick O'Rodane,2809
142,Research and Development,Complete task A,4/19/2020,32,10,false,medium,Elvina Pinnell,2927
143,Legal,Update task D,5/17/2015,29,11,false,critical,Nobie Tilby,927
144,Product Management,Complete task A,9/4/2004,19,17,true,minimal,Nancey Nethercott,2532
145,Marketing,Assign task E,7/22/2001,18,14,true,minimal,Radcliffe Colerick,2089
146,Marketing,Update task D,10/5/2022,43,10,true,low,Ann-marie Firmager,3370
147,Services,Update task D,3/9/2004,30,5,false,minimal,Shelley Stede,3438
148,Research and Development,Complete task A,8/14/2010,23,10,false,high,Kori Gunson,2401
149,Training,Update task D,8/30/2009,30,16,false,urgent,Maria Cowope,1773
150,Human Resources,Update task D,6/23/2002,20,13,false,normal,Ephrayim Santoro,1635
151,Research and Development,Assign task E,10/5/2020,33,14,true,normal,Tam Thalmann,3621
152,Legal,Review task B,11/18/2017,37,6,false,maximum,Christabella Craft,3443
153,Research and Development,Complete task A,11/22/2000,39,17,false,low,Marty Sutherland,1818
154,Research and Development,Submit task C,10/24/2020,16,9,true,moderate,Katerine Donet,3616
155,Human Resources,Assign task E,1/1/2004,10,13,true,medium,Atlanta Jensen,1159
156,Engineering,Review task B,11/19/2004,41,15,true,normal,Lil Ornells,584
157,Engineering,Update task D,4/13/2020,22,10,true,high,Vale Gaine,2167
158,Product Management,Update task D,7/7/2000,13,5,false,normal,Niki Savins,1665
159,Research and Development,Update task D,8/22/2021,32,16,false,normal,Ingra Bridgen,3125
160,Training,Complete task A,6/27/2012,33,13,false,maximum,Faith Bernholt,3171
161,Legal,Complete task A,6/27/2000,49,15,false,critical,Dulcia Marrington,1021
162,Human Resources,Update task D,8/16/2021,41,12,true,medium,Win Kildale,1145
163,Accounting,Assign task E,7/15/2020,32,12,false,urgent,Cherrita Antonioni,1763
164,Sales,Assign task E,11/17/2013,46,10,false,medium,Mora Gillions,583
165,Product Management,Update task D,5/18/2006,21,10,true,moderate,Birgit De Carteret,1172
166,Legal,Update task D,8/31/2020,40,7,true,critical,Ker Stockley,2835
167,Engineering,Complete task A,4/19/2021,32,16,false,normal,Hilliard Etheridge,2124
168,Sales,Complete task A,1/1/2021,23,10,true,maximum,Olav Chrstine,3300
169,Product Management,Complete task A,1/21/2004,26,15,true,minimal,Davida Ziehm,821
170,Support,Update task D,5/12/2009,37,10,false,urgent,Lin Dicken,2420
171,Research and Development,Assign task E,7/9/2012,19,14,true,low,Danica Megroff,3718
172,Services,Assign task E,7/3/2017,49,8,true,low,Kerry Knoble,770
173,Research and Development,Update task D,1/20/2019,22,17,false,urgent,Mart Broun,1221
174,Sales,Update task D,9/17/2003,10,7,false,low,Derwin Larret,1372
175,Services,Review task B,2/11/2016,16,17,true,maximum,Terrye Troake,1781
176,Support,Submit task C,12/26/2002,14,7,false,minimal,Hector Allsupp,3942
177,Legal,Submit task C,8/20/2021,9,7,true,urgent,Zacharias Grenkov,1811
178,Human Resources,Complete task A,9/5/2019,34,9,false,maximum,Franklyn Schwier,660
179,Human Resources,Assign task E,8/6/2003,23,8,false,low,Page Orriss,1939
180,Business Development,Submit task C,6/21/2016,15,16,false,high,Lucia Morant,2649
181,Business Development,Assign task E,9/28/2014,19,12,false,low,Roley Spenceley,2894
182,Services,Assign task E,12/25/2011,43,13,true,maximum,Sutton Shew,2141
183,Engineering,Submit task C,4/20/2001,28,13,false,low,Idette Dudmesh,3392
184,Accounting,Assign task E,10/22/2007,49,5,false,normal,Julie Joselovitch,862
185,Marketing,Assign task E,6/30/2021,9,8,true,moderate,Agnes Moncrieffe,603
186,Accounting,Review task B,1/30/2011,26,5,false,low,Sue Leneham,661
187,Marketing,Complete task A,7/8/2017,19,14,true,minimal,Hewe MacDonald,3678
188,Research and Development,Update task D,5/17/2010,45,10,false,essential,Lanny Windley,1811
189,Marketing,Update task D,3/9/2019,48,9,true,medium,Brianne Whye,3748
190,Training,Submit task C,4/12/2004,35,9,true,normal,Kris Slyman,2955
191,Training,Complete task A,7/26/2004,34,9,true,urgent,Ginelle Nix,630
192,Accounting,Complete task A,7/28/2010,29,17,true,high,Laural Doodney,2084
193,Product Management,Review task B,1/19/2016,33,12,true,moderate,Anissa Goadsby,2628
194,Human Resources,Assign task E,9/22/2022,22,17,false,minimal,Marietta Bentley,2332
195,Legal,Submit task C,10/12/2004,29,8,true,high,Pierrette Slinn,1978
196,Engineering,Review task B,1/2/2014,12,9,true,high,Immanuel Craney,1223
197,Human Resources,Assign task E,6/11/2017,36,15,true,maximum,Domingo Dannehl,2311
198,Services,Assign task E,7/22/2005,11,16,false,medium,Morey Houseman,1095
199,Training,Complete task A,4/7/2011,40,6,true,medium,Richie Freezor,718
200,Business Development,Update task D,3/22/2005,12,9,false,moderate,Susie Kropach,3805
201,Sales,Review task B,7/20/2000,31,8,true,medium,Obie Emsden,1653
202,Training,Review task B,7/14/2010,27,11,false,high,Germain Clinch,1967
203,Sales,Review task B,5/1/2008,32,5,true,low,Curtis Kloss,1574
204,Services,Complete task A,4/13/2015,11,14,true,low,Shayna Fucher,624
205,Research and Development,Update task D,8/19/2003,47,17,true,maximum,Roarke O'Noulane,2838
206,Accounting,Review task B,10/29/2010,49,8,true,essential,Abe Burgill,3257
207,Support,Assign task E,11/24/2010,43,16,true,medium,Rafferty Lorkins,2819
208,Accounting,Update task D,4/26/2012,31,7,false,minimal,Blanche Iannelli,2655
209,Legal,Assign task E,8/7/2012,41,10,true,moderate,Alfy Bilbey,549
210,Business Development,Review task B,5/8/2018,20,16,true,medium,Reyna Flounders,3449
211,Sales,Submit task C,4/9/2004,38,10,true,high,Marion Huban,1742
212,Research and Development,Update task D,6/15/2000,37,16,false,critical,Minor Alwood,732
213,Human Resources,Assign task E,11/14/2021,43,5,true,minimal,Ulrica Androck,1455
214,Services,Update task D,1/21/2015,28,5,false,moderate,Willard Woodford,894
215,Marketing,Submit task C,10/17/2005,47,14,false,minimal,Joey Spiaggia,3873
216,Research and Development,Update task D,8/23/2002,8,10,true,medium,Trev Blasdale,1490
217,Accounting,Complete task A,7/21/2017,16,17,true,moderate,Felike Giercke,3715
218,Legal,Submit task C,2/27/2009,20,15,false,critical,Arnold Inker,2303
219,Marketing,Submit task C,6/27/2012,11,17,true,medium,Tamarra Gritsunov,2725
220,Research and Development,Complete task A,7/21/2007,50,10,true,minimal,Keefe MacKellar,1561
221,Accounting,Update task D,3/27/2021,33,11,false,moderate,Merna Royl,939
222,Accounting,Assign task E,11/21/2009,40,6,false,low,Alec Cudde,3876
223,Accounting,Review task B,2/3/2006,21,7,true,high,Franky Millmore,1036
224,Support,Submit task C,12/27/2022,10,5,true,high,Cissy Geldart,3000
225,Marketing,Assign task E,8/1/2016,23,10,true,medium,Siffre Quig,2566
226,Support,Submit task C,11/1/2014,23,17,true,minimal,Kore Padillo,3554
227,Training,Complete task A,12/5/2008,25,10,false,high,Gal Stockey,3645
228,Business Development,Assign task E,7/9/2012,32,15,true,urgent,Ada Ganter,1627
229,Support,Update task D,8/2/2022,15,10,false,high,Nevsa Hardy,3196
230,Training,Submit task C,8/22/2018,23,5,false,low,Mignon Charrisson,1124
231,Support,Assign task E,10/6/2010,37,13,true,urgent,Garry Labusch,2193
232,Research and Development,Review task B,7/26/2005,39,8,false,high,Ilka Scarce,2747
233,Training,Update task D,9/2/2014,25,16,true,maximum,Bartie Wreight,3507
234,Engineering,Review task B,3/14/2021,36,14,true,high,Hetti Dunckley,1143
235,Research and Development,Submit task C,3/11/2000,47,7,false,maximum,Jamie Kiddell,3261
236,Marketing,Assign task E,8/16/2013,31,13,false,low,Alexina Trayhorn,3294
237,Engineering,Assign task E,9/27/2020,44,6,true,normal,Tricia Hinners,1859
238,Training,Assign task E,5/28/2013,19,13,false,maximum,Nicky Klaessen,3491
239,Human Resources,Review task B,9/7/2020,37,17,false,essential,Carlie Stammers,967
240,Legal,Submit task C,9/30/2014,39,5,true,urgent,Christabella Siddall,2259
241,Human Resources,Assign task E,11/8/2009,34,14,true,maximum,Willdon Mabbett,2420
242,Training,Submit task C,11/21/2010,47,17,false,medium,Ainslee McCoughan,3734
243,Legal,Complete task A,6/19/2001,8,16,true,maximum,Margaux Penner,2049
244,Human Resources,Assign task E,1/3/2001,38,9,false,maximum,Marjorie Bonifazio,793
245,Support,Review task B,1/12/2011,37,5,true,essential,Wye Bingell,2063
246,Support,Submit task C,1/16/2016,21,8,true,medium,Mercy Edeler,3417
247,Sales,Review task B,11/4/2018,50,6,false,medium,Pauly Corriea,1982
248,Legal,Assign task E,3/12/2013,48,5,true,high,Sybyl Sessuns,3042
249,Research and Development,Submit task C,5/6/2018,36,13,false,essential,Holden Sewart,1265
250,Legal,Update task D,4/30/2000,31,15,true,essential,Alexine Axe,1569
251,Accounting,Complete task A,2/4/2007,35,10,false,low,Lem Colam,1283
252,Marketing,Review task B,8/28/2008,25,7,false,moderate,Alister MacNamee,2487
253,Support,Review task B,8/24/2020,28,6,false,minimal,Ariadne Hanway,3200
254,Accounting,Update task D,8/10/2000,11,5,false,medium,Helenka Bronot,978
255,Human Resources,Update task D,1/20/2011,14,6,true,urgent,Huntley Jaquin,2248
256,Human Resources,Complete task A,6/20/2008,47,17,false,low,Elfie Dregan,909
257,Business Development,Complete task A,2/23/2001,20,10,false,urgent,Emalee Ainsworth,3791
258,Sales,Submit task C,6/16/2001,45,10,true,minimal,Marissa Peete,3715
259,Marketing,Assign task E,12/5/2005,9,14,false,normal,Filide De Antoni,2955
260,Services,Submit task C,5/22/2020,40,13,false,moderate,Keely Geyton,3362
261,Research and Development,Assign task E,2/24/2007,44,14,false,essential,Malory Bento,3527
262,Human Resources,Complete task A,4/11/2010,46,16,true,high,Marv Peach,585
263,Business Development,Update task D,7/23/2007,50,16,true,medium,Park Evelyn,1694
264,Accounting,Update task D,4/28/2003,18,14,true,medium,Cori Kemston,2262
265,Accounting,Update task D,8/15/2002,29,15,true,urgent,Bear Trevaskis,1114
266,Support,Review task B,3/15/2009,30,14,true,low,Brett Engel,3257
267,Support,Complete task A,7/8/2018,49,11,false,minimal,Raynor Rowbrey,3210
268,Business Development,Complete task A,8/26/2021,45,15,true,medium,Witty Edwardson,1140
269,Business Development,Complete task A,6/18/2002,50,17,false,minimal,Dianna Pouck,3339
270,Support,Review task B,1/29/2016,20,14,false,low,Malissa Churchlow,1702
271,Research and Development,Submit task C,11/25/2000,40,6,true,low,Aimee Gruczka,3441
272,Research and Development,Submit task C,5/22/2003,32,12,false,critical,Donnie Pavett,3180
273,Engineering,Assign task E,9/14/2008,38,6,false,moderate,Ursulina Beglin,3804
274,Research and Development,Complete task A,3/29/2017,29,16,true,low,Cooper Spooner,2354
275,Business Development,Update task D,5/28/2019,36,14,true,urgent,Wit Delahunty,2885
276,Product Management,Update task D,7/22/2019,12,10,false,high,Agatha Hamblen,608
277,Business Development,Assign task E,10/27/2020,16,16,true,medium,Gib Mudge,2328
278,Research and Development,Review task B,7/12/2004,23,6,false,medium,Theo Sainer,3469
279,Engineering,Complete task A,1/16/2014,48,7,true,medium,Cathi Minister,2402
280,Support,Submit task C,11/18/2011,8,14,true,medium,Diana Kassidy,1171
281,Engineering,Complete task A,10/25/2004,9,13,false,maximum,Vivian Waddams,918
282,Business Development,Update task D,10/25/2011,34,17,true,critical,Gregoor Caistor,3814
283,Sales,Update task D,5/18/2005,16,12,true,normal,Dre Dallinder,3422
284,Sales,Complete task A,4/1/2013,42,9,true,moderate,Mariquilla Flintoff,2173
285,Sales,Update task D,7/5/2009,31,5,false,moderate,Philippa Temby,1191
286,Accounting,Complete task A,12/1/2013,16,12,false,moderate,Dru Casazza,3731
287,Research and Development,Assign task E,8/21/2006,12,16,true,urgent,Lanie Paulillo,3443
288,Legal,Assign task E,6/12/2007,42,11,true,high,Vivyanne Elderfield,950
289,Legal,Complete task A,11/6/2004,38,14,true,essential,Nert Schuster,2570
290,Marketing,Submit task C,2/1/2020,27,7,true,minimal,Julita Stubley,1902
291,Marketing,Submit task C,1/12/2009,40,14,false,low,Rogerio Bett,3920
292,Human Resources,Complete task A,9/6/2007,45,5,true,moderate,Jerrilee Sisneros,3615
293,Human Resources,Assign task E,2/3/2018,42,9,false,medium,Seth Brasted,1458
294,Research and Development,Update task D,3/15/2014,27,12,true,urgent,Isobel Fullbrook,3507
295,Services,Submit task C,2/28/2014,35,15,false,high,Olympe Biggam,941
296,Services,Update task D,2/5/2010,44,5,true,urgent,Stephana Kemson,3109
297,Human Resources,Submit task C,10/25/2016,30,16,false,low,Grissel Rhymes,2587
298,Human Resources,Assign task E,3/29/2014,35,15,false,maximum,Wendie O'Duane,3411
299,Services,Submit task C,1/21/2003,18,6,false,minimal,Hagan Bletsor,3249
300,Human Resources,Submit task C,1/14/2005,32,12,false,urgent,Georgine Jorger,2533
301,Accounting,Assign task E,8/9/2017,36,7,false,critical,Gerry Domenge,3357
302,Sales,Assign task E,11/24/2000,20,15,true,critical,My Rowdell,2453
303,Engineering,Submit task C,4/1/2015,46,10,false,maximum,Roderigo Pheby,3501
304,Legal,Complete task A,8/31/2018,45,6,false,urgent,Cristiano Kuschel,3200
305,Sales,Assign task E,6/29/2008,21,5,true,critical,Amil Lissimore,2746
306,Research and Development,Review task B,9/4/2003,38,11,true,low,Maddie Pantling,1314
307,Marketing,Complete task A,5/22/2012,9,10,true,moderate,Vladimir Esparza,870
308,Training,Complete task A,2/26/2017,29,11,true,maximum,Val Seccombe,3442
309,Legal,Submit task C,6/24/2000,41,16,false,moderate,Agnesse Shegog,3460
310,Services,Assign task E,12/13/2003,41,14,true,high,Klement Konig,969
311,Training,Update task D,11/8/2011,22,17,false,low,Tracie Wicklin,3060
312,Sales,Review task B,4/15/2008,12,14,true,maximum,Trey Gatrill,3361
313,Training,Complete task A,1/5/2004,50,16,false,normal,Penrod Semour,3860
314,Product Management,Submit task C,3/29/2001,38,6,false,minimal,Elana Haugen,3005
315,Services,Assign task E,2/20/2017,13,11,false,urgent,Gladi Branni,717
316,Legal,Complete task A,2/5/2011,32,13,false,maximum,Lotte Saurin,2751
317,Business Development,Update task D,8/7/2019,33,8,false,moderate,Robbyn Fry,3064
318,Marketing,Submit task C,9/1/2002,47,6,false,maximum,Tori O'Fallowne,1625
319,Accounting,Assign task E,1/28/2018,21,5,true,normal,Claiborn Wasmuth,1192
320,Legal,Review task B,3/16/2020,43,15,true,maximum,Becka Orrobin,1361
321,Services,Submit task C,9/17/2003,34,17,false,normal,Gabi Gogan,502
322,Accounting,Review task B,1/21/2019,18,12,false,minimal,Alyson Galia,1042
323,Sales,Assign task E,3/12/2019,36,6,false,minimal,Hermione Clow,928
324,Services,Review task B,7/4/2011,12,8,true,medium,Iris Harragin,3377
325,Research and Development,Submit task C,8/17/2004,24,13,false,urgent,Paten O'Cleary,3918
326,Research and Development,Submit task C,7/17/2006,47,12,true,maximum,Clo Crawford,1774
327,Research and Development,Review task B,3/22/2003,37,13,false,urgent,Eveline Franchi,2189
328,Training,Review task B,4/10/2001,44,16,true,normal,Steven Heddan,3597
329,Accounting,Assign task E,2/5/2009,28,17,true,medium,Shirl Staff,2821
330,Research and Development,Review task B,11/14/2002,28,16,true,essential,Wilhelm Tombling,1784
331,Business Development,Update task D,3/17/2002,43,17,true,urgent,Lyndel Hebden,2536
332,Accounting,Complete task A,12/30/2000,44,11,false,critical,Cammy Simmance,2824
333,Engineering,Assign task E,6/25/2003,38,17,false,critical,Annice Wason,3194
334,Legal,Submit task C,2/15/2018,35,5,false,maximum,Heinrick Beamond,765
335,Legal,Complete task A,9/11/2009,36,9,false,medium,Fionnula Foggo,3762
336,Support,Update task D,12/6/2015,15,6,false,normal,April Elphey,3414
337,Training,Complete task A,1/3/2021,17,6,false,medium,Francis Giorgioni,672
338,Product Management,Review task B,1/27/2020,38,8,true,minimal,Ethelin Gogerty,3590
339,Training,Submit task C,5/14/2009,14,12,true,essential,Chrissy Gussin,3739
340,Engineering,Update task D,10/16/2011,38,14,true,essential,Candice Laugherane,954
341,Legal,Assign task E,9/25/2019,39,16,true,low,Arvie Itzchaki,3608
342,Support,Complete task A,10/23/2017,12,7,true,urgent,Susy Hourihan,3407
343,Accounting,Review task B,9/24/2015,50,16,true,low,Damiano Gittis,2468
344,Human Resources,Update task D,3/9/2021,28,7,false,maximum,Agna Stickel,3990
345,Training,Review task B,7/9/2022,32,5,false,minimal,Belinda Sabattier,2492
346,Services,Complete task A,3/10/2022,26,6,true,urgent,Kelcey Tilney,1988
347,Legal,Assign task E,3/1/2014,29,12,true,maximum,Dorisa Swain,3673
348,Product Management,Submit task C,3/27/2022,35,5,true,urgent,Les Borham,2068
349,Support,Assign task E,2/8/2002,21,10,true,normal,Bertina McGrotty,714
350,Research and Development,Review task B,7/5/2011,15,5,true,maximum,Chalmers Trusler,2731
351,Marketing,Complete task A,5/31/2019,16,7,true,normal,Kiley Simeonov,1452
352,Business Development,Update task D,4/26/2014,49,11,true,normal,Willamina Weatherley,946
353,Sales,Update task D,12/26/2012,35,15,true,urgent,Daffie Chatin,2148
354,Research and Development,Update task D,1/14/2017,34,10,true,low,Octavius Upfold,2730
355,Legal,Update task D,9/7/2015,25,6,true,moderate,Lotty Fulford,3396
356,Research and Development,Review task B,7/3/2012,28,9,true,critical,Stephannie Lindner,1371
357,Business Development,Review task B,1/5/2006,50,9,false,urgent,Natal Diment,2685
358,Services,Complete task A,3/18/2006,39,16,true,urgent,Nixie Crampsey,3849
359,Engineering,Submit task C,10/24/2003,17,9,false,urgent,Ulrike Martygin,1487
360,Legal,Review task B,7/20/2021,42,10,false,urgent,Fredrick Prettejohns,2349
361,Services,Submit task C,10/8/2011,32,8,true,medium,Bondy Gowen,1220
362,Research and Development,Submit task C,10/16/2006,9,10,true,maximum,Courtney Vicar,3501
363,Human Resources,Complete task A,9/30/2001,40,8,true,normal,Shandy Outibridge,3129
364,Sales,Update task D,8/7/2005,36,17,true,maximum,Guendolen Sans,792
365,Business Development,Update task D,1/16/2006,31,15,true,maximum,Anabel Gladtbach,2783
366,Business Development,Review task B,5/2/2017,49,9,false,urgent,Hershel Wishart,2198
367,Marketing,Submit task C,1/17/2018,13,12,true,minimal,Claudianus Tourry,2576
368,Services,Complete task A,7/31/2002,31,12,true,essential,Charo Karel,2631
369,Sales,Complete task A,5/17/2017,48,17,false,medium,Carin Francie,1492
370,Support,Assign task E,12/23/2022,45,7,false,essential,Obadiah Joyson,2773
371,Marketing,Review task B,4/16/2022,33,10,false,critical,Pancho Garlinge,842
372,Training,Update task D,6/24/2013,12,16,true,urgent,Ricard Gomersall,3077
373,Marketing,Review task B,10/4/2012,48,9,false,critical,Mycah Toffanini,2950
374,Marketing,Update task D,7/25/2008,45,13,true,minimal,Elsworth Blaszczak,591
375,Business Development,Update task D,8/24/2012,32,13,true,maximum,Patty Edgerley,2519
376,Research and Development,Review task B,2/24/2006,40,15,false,high,Jessee Malyj,3342
377,Human Resources,Submit task C,1/12/2009,36,12,true,medium,Uta Ruddell,1975
378,Legal,Review task B,3/5/2012,10,12,true,moderate,Maddie Dawidowitsch,2836
379,Services,Review task B,10/13/2021,36,16,false,normal,Dasie Burford,3757
380,Support,Assign task E,2/6/2008,26,14,false,critical,Margaretha Cabera,1879
381,Sales,Complete task A,9/12/2015,22,6,true,critical,Ambros Leyborne,3316
382,Business Development,Update task D,10/3/2009,45,12,true,medium,Roberta Duncklee,2468
383,Services,Assign task E,2/17/2022,19,12,true,minimal,Christoper Weathers,2282
384,Sales,Submit task C,9/28/2002,31,14,true,medium,Leroy Waplinton,1500
385,Sales,Update task D,5/21/2007,33,16,true,low,Carrol Atkyns,3818
386,Training,Submit task C,10/14/2009,11,8,true,minimal,Lynelle Beed,3743
387,Human Resources,Submit task C,8/6/2007,49,9,false,normal,Lyon Brinkworth,838
388,Training,Complete task A,5/30/2019,25,14,true,high,Nathaniel Rickardes,1713
389,Engineering,Update task D,7/23/2009,38,11,false,moderate,Frederik Oakman,607
390,Research and Development,Assign task E,9/5/2001,24,11,false,medium,Cecilio Whinney,1957
391,Marketing,Submit task C,2/15/2006,41,8,true,medium,Darbee Jancik,1696
392,Engineering,Assign task E,1/1/2009,50,14,true,critical,Sonnie Sampey,3979
393,Accounting,Review task B,7/5/2019,43,7,false,medium,Gregorio Cloke,2766
394,Services,Complete task A,11/25/2011,46,7,false,normal,Dimitri Camp,2784
395,Human Resources,Complete task A,6/3/2002,50,11,false,high,Claudius Wordsley,3832
396,Marketing,Update task D,10/9/2002,50,17,true,high,Carola Bilbrook,1295
397,Services,Update task D,1/14/2001,21,10,true,moderate,Jemimah Castanares,1188
398,Training,Update task D,1/26/2006,50,13,false,moderate,Jennifer Dowse,1628
399,Support,Review task B,11/16/2013,25,12,true,essential,Kliment Carefull,1711
400,Human Resources,Review task B,10/14/2003,38,11,true,urgent,Marcellus Creber,1558
401,Accounting,Complete task A,1/30/2011,8,13,false,urgent,Rivkah Aireton,3223
402,Legal,Update task D,1/20/2011,32,8,false,low,Harris Clarridge,2026
403,Engineering,Submit task C,7/18/2009,22,15,false,medium,Marius Tinniswood,860
404,Accounting,Assign task E,9/29/2003,31,11,true,minimal,Boot Ralton,2838
405,Training,Assign task E,9/18/2012,17,13,true,urgent,Deeanne Vettore,3530
406,Services,Assign task E,7/31/2010,15,7,false,maximum,Roley Tewkesbury,3865
407,Business Development,Update task D,4/3/2003,18,17,false,maximum,Nora Skeats,1334
408,Services,Review task B,12/22/2020,15,17,true,urgent,Cassondra Eakins,1106
409,Research and Development,Assign task E,3/3/2020,10,9,true,medium,Minny Carlesso,3887
410,Services,Complete task A,11/5/2021,24,5,true,normal,Clarine Lugard,3178
411,Research and Development,Review task B,7/27/2000,36,14,true,maximum,Kristien Mulford,999
412,Human Resources,Complete task A,7/26/2018,33,6,false,medium,Cazzie Giraudat,1740
413,Research and Development,Update task D,1/5/2021,45,15,true,critical,Shelbi Durgan,2833
414,Research and Development,Assign task E,8/15/2011,50,6,false,medium,Doralia Alsford,1269
415,Business Development,Complete task A,10/4/2014,45,10,true,essential,Doralyn Braiden,2720
416,Legal,Submit task C,5/7/2022,50,11,true,critical,Siusan Lothlorien,1576
417,Business Development,Assign task E,9/7/2000,40,15,true,urgent,Belva Rexworthy,3666
418,Business Development,Review task B,12/5/2018,48,16,true,maximum,Jule Cupper,1259
419,Engineering,Assign task E,2/23/2006,38,15,false,critical,Queenie Dimmne,1338
420,Human Resources,Submit task C,7/23/2018,11,14,true,maximum,Wilbert Snodin,3573
421,Legal,Review task B,10/15/2011,30,6,true,critical,Nike Mullaly,3447
422,Engineering,Update task D,10/27/2017,19,12,false,maximum,Rodie Rubinowicz,1912
423,Training,Submit task C,7/7/2018,34,14,true,urgent,Goddard Berrey,2497
424,Research and Development,Submit task C,7/7/2001,48,5,false,essential,Sibelle Strainge,2988
425,Training,Review task B,5/3/2020,41,13,true,high,Barclay Petcher,906
426,Support,Update task D,8/28/2014,40,12,true,maximum,Ingaborg Hearne,2208
427,Services,Submit task C,7/5/2020,44,9,true,high,Robbin Ravelus,3105
428,Business Development,Complete task A,11/17/2018,50,12,false,urgent,Carmencita Shulem,2372
429,Business Development,Complete task A,12/8/2020,31,6,true,low,Laurent Mogey,2431
430,Training,Update task D,11/2/2008,49,11,true,medium,Flem Philbrook,2696
431,Business Development,Review task B,8/14/2006,21,14,true,minimal,Daniele Craythorne,3022
432,Legal,Submit task C,3/5/2022,24,12,false,low,Milka Rudeyeard,985
433,Product Management,Submit task C,11/16/2005,32,9,true,normal,Minnnie Aggis,2622
434,Support,Complete task A,8/23/2017,40,16,false,medium,Clare Olek,697
435,Sales,Complete task A,6/30/2007,19,9,false,urgent,Marrilee Halling,1204
436,Services,Update task D,10/29/2021,12,17,true,essential,Josy Bischoff,2779
437,Engineering,Review task B,6/29/2002,31,15,true,urgent,Zuzana Bassick,811
438,Sales,Complete task A,12/27/2010,42,16,false,essential,Meggi Farlowe,530
439,Accounting,Review task B,5/16/2012,18,12,false,low,Ailey Whitehorn,3183
440,Accounting,Complete task A,3/5/2001,21,15,true,urgent,Dian Thornewell,3635
441,Sales,Complete task A,10/23/2009,45,13,false,essential,Bernard Colthard,898
442,Business Development,Submit task C,10/13/2017,49,13,false,essential,Cassey Huscroft,1291
443,Marketing,Review task B,6/20/2005,30,5,false,critical,Wyatan Goodreid,2987
444,Legal,Complete task A,3/19/2014,9,12,true,maximum,Eden Enterlein,1782
445,Engineering,Submit task C,1/9/2011,33,6,false,maximum,Dominga Melledy,2131
446,Business Development,Complete task A,11/5/2001,35,13,false,high,Mattheus Parchment,2246
447,Business Development,Assign task E,1/3/2006,23,15,true,normal,Dell Rapaport,3440
448,Human Resources,Review task B,12/16/2007,29,16,false,moderate,Catrina Iacovacci,1865
449,Training,Assign task E,1/12/2010,17,10,true,medium,Kelcey Dibdall,3067
450,Legal,Assign task E,11/17/2008,49,11,true,urgent,Padriac Loffill,2552
451,Legal,Complete task A,1/12/2020,28,5,true,maximum,Carolus Blazeby,624
452,Business Development,Review task B,4/26/2016,25,7,true,high,Gretel Cray,3816
453,Support,Assign task E,2/16/2011,8,7,false,minimal,Lurlene Borth,3652
454,Business Development,Review task B,1/3/2003,26,5,false,minimal,Fitzgerald Lamblin,3731
455,Sales,Update task D,3/4/2010,34,6,true,urgent,Thomasa Gaiford,3642
456,Engineering,Review task B,7/29/2004,28,11,false,high,Collete Simmill,3327
457,Legal,Complete task A,7/2/2000,40,17,true,medium,Noel McKelvey,3593
458,Accounting,Complete task A,6/2/2004,46,16,true,normal,Giffie Kures,896
459,Human Resources,Review task B,12/25/2018,39,7,false,essential,Lydie Bruni,582
460,Marketing,Review task B,6/19/2019,15,15,false,critical,Far Able,1064
461,Marketing,Submit task C,6/29/2018,32,5,false,urgent,Erasmus Le Friec,1666
462,Engineering,Submit task C,7/14/2010,36,16,true,medium,Verne Gerbel,1166
463,Engineering,Update task D,10/21/2021,17,6,true,low,Koral Shoobridge,707
464,Product Management,Submit task C,1/15/2005,11,14,false,normal,Minette Beaconsall,3829
465,Accounting,Update task D,8/8/2021,24,8,true,essential,Delilah Vannuccinii,688
466,Legal,Review task B,6/20/2020,23,5,true,low,Roscoe Coltherd,3649
467,Business Development,Complete task A,2/11/2008,32,15,true,maximum,Selena Townley,3022
468,Product Management,Review task B,2/11/2005,12,10,false,minimal,Carolan Haslum,750
469,Research and Development,Review task B,4/28/2019,10,12,true,high,Amabel Alexis,909
470,Human Resources,Submit task C,2/16/2005,32,10,true,urgent,Jillana O'Heagertie,2378
471,Research and Development,Update task D,6/9/2006,18,12,false,normal,Trever Elnaugh,2318
472,Sales,Submit task C,8/15/2021,41,12,true,critical,Say Veall,2973
473,Accounting,Update task D,1/28/2013,36,5,true,critical,Rubie Laugharne,2189
474,Sales,Assign task E,8/1/2011,12,6,true,normal,Killie Toppes,2165
475,Human Resources,Assign task E,5/4/2021,24,17,true,minimal,Cacilie Rickcord,1465
476,Engineering,Assign task E,11/24/2006,32,9,false,maximum,Christabel Hebbes,3394
477,Engineering,Complete task A,3/14/2009,35,5,true,minimal,Kari Watkiss,2719
478,Research and Development,Update task D,4/24/2010,14,17,false,essential,Alexandre Counter,3490
479,Sales,Complete task A,8/27/2020,21,13,false,critical,Kaja Barreau,3801
480,Sales,Assign task E,9/20/2021,38,9,false,urgent,Inez Licas,2910
481,Sales,Review task B,7/2/2018,48,16,false,critical,Shem Ladlow,727
482,Human Resources,Update task D,5/21/2016,31,11,false,critical,Jens Carvill,1109
483,Sales,Submit task C,12/8/2017,36,9,false,low,Gavin Pagnin,2551
484,Accounting,Submit task C,12/15/2004,23,13,false,high,Artemus Bozward,2122
485,Training,Update task D,12/28/2018,8,15,false,maximum,Say Pimlock,1909
486,Engineering,Submit task C,2/23/2017,8,14,true,low,Elyssa Illidge,2051
487,Services,Complete task A,2/9/2007,8,13,true,urgent,Lucy Dibbin,2230
488,Sales,Update task D,7/14/2003,25,8,false,normal,Desmond Monget,3093
489,Business Development,Assign task E,7/30/2016,47,7,true,medium,Hervey Farlamb,1964
490,Legal,Complete task A,7/14/2004,15,10,true,critical,Damien Rea,1025
491,Accounting,Assign task E,10/29/2013,28,6,true,medium,Hannie Alflatt,1106
492,Legal,Review task B,11/29/2010,49,10,false,minimal,Abigail Bendig,3835
493,Accounting,Submit task C,3/14/2022,25,11,true,high,Vail Stigers,881
494,Marketing,Assign task E,7/23/2015,23,10,true,urgent,Rowen Czajkowska,3927
495,Support,Review task B,5/1/2013,13,15,false,moderate,Linnie Grimster,3198
496,Marketing,Review task B,9/18/2003,37,6,true,critical,Bibby Dallimare,779
497,Support,Assign task E,8/18/2021,47,9,false,critical,Raquela Marlin,3204
498,Business Development,Review task B,1/1/2010,28,10,true,moderate,Belita Taylo,842
499,Accounting,Submit task C,11/20/2018,24,13,false,moderate,Fabiano Karlmann,2037
500,Training,Submit task C,12/7/2016,39,12,true,low,Pearle Guenther,2061
501,Services,Submit task C,9/3/2001,21,16,true,critical,Coraline Janak,3792
502,Accounting,Submit task C,10/7/2021,30,11,true,moderate,Dev Drewery,1665
503,Business Development,Submit task C,9/12/2002,46,6,true,moderate,Bing Hexam,1468
504,Human Resources,Assign task E,5/19/2000,16,9,false,minimal,Dickie Haddrell,1389
505,Human Resources,Submit task C,3/28/2002,47,9,false,high,Pietrek O'Harney,3495
506,Sales,Submit task C,3/23/2001,37,11,false,low,Hagan Gallyon,1879
507,Sales,Update task D,6/5/2020,22,17,true,normal,Riccardo Daens,2932
508,Sales,Complete task A,9/24/2013,36,10,true,critical,Nicolle Hellwich,2685
509,Legal,Submit task C,1/23/2004,49,5,true,high,Kevyn Crimin,697
510,Training,Assign task E,11/22/2003,26,15,true,moderate,Alistair Fenna,3555
511,Marketing,Review task B,4/24/2007,35,6,false,high,Lolita Constantine,1883
512,Human Resources,Assign task E,3/21/2003,22,15,true,moderate,Roseann Costi,2055
513,Research and Development,Assign task E,2/11/2002,13,6,true,essential,Micheil MacGlory,2603
514,Legal,Assign task E,6/19/2005,20,13,true,urgent,Bernardo Salvatore,3819
515,Human Resources,Complete task A,10/5/2004,16,12,true,moderate,Vyky Van Arsdall,2368
516,Product Management,Submit task C,12/12/2014,11,12,true,medium,Giles Duthie,1172
517,Marketing,Assign task E,3/4/2004,21,9,false,moderate,Barrie Gutherson,3458
518,Marketing,Submit task C,6/10/2018,30,8,false,maximum,Averill Rampling,3065
519,Legal,Review task B,5/5/2015,9,10,false,essential,Vladamir Hymus,3635
520,Services,Complete task A,8/3/2004,12,8,false,essential,Katina Ranshaw,3224
521,Engineering,Review task B,7/17/2004,35,12,true,normal,Bowie Merrin,2736
522,Marketing,Update task D,4/17/2003,46,12,true,maximum,Sibbie Brailey,3335
523,Accounting,Submit task C,10/8/2016,20,8,false,urgent,Hillery Vanstone,3053
524,Legal,Update task D,9/20/2009,16,14,true,medium,Ruttger Quadrio,628
525,Marketing,Update task D,11/25/2008,33,12,true,low,Elfrieda Tebb,735
526,Legal,Complete task A,12/20/2014,39,6,false,medium,Katharina Orsay,588
527,Engineering,Assign task E,7/12/2003,29,17,false,high,Susana Maltman,2659
528,Training,Submit task C,11/25/2002,29,14,false,moderate,Dreddy Gilmour,2548
529,Research and Development,Update task D,8/12/2011,11,7,true,critical,Mace Demeza,3640
530,Support,Complete task A,3/6/2014,33,10,true,essential,Hill Maciunas,2952
531,Business Development,Review task B,9/30/2009,35,13,true,critical,Felipa Buncombe,2056
532,Services,Assign task E,8/12/2010,17,11,false,essential,Geno Craik,1074
533,Human Resources,Review task B,12/14/2004,46,17,true,urgent,Boonie Oury,1217
534,Research and Development,Submit task C,5/25/2017,31,9,true,minimal,Mal Wallicker,2134
535,Training,Assign task E,10/4/2017,20,14,true,low,Lethia Matis,1436
536,Product Management,Assign task E,1/14/2017,41,11,false,critical,Ruggiero Beckey,3218
537,Human Resources,Review task B,4/14/2017,38,12,false,low,Manny Snugg,3101
538,Business Development,Review task B,2/2/2018,22,7,true,urgent,Jessie Rodwell,3769
539,Engineering,Review task B,9/28/2019,49,11,false,maximum,Darline Giovanazzi,3903
540,Accounting,Assign task E,2/22/2021,10,13,false,normal,Barth Sterland,788
541,Training,Complete task A,2/4/2007,29,7,false,urgent,Phaedra Pepin,2046
542,Services,Assign task E,3/10/2012,27,9,false,maximum,Sheilakathryn Kerley,3352
543,Support,Submit task C,6/20/2021,8,6,false,moderate,Carilyn Labeuil,3598
544,Business Development,Complete task A,10/22/2017,31,10,false,high,Shayne Miche,3211
545,Human Resources,Submit task C,4/8/2022,26,17,true,essential,Todd Potkin,2223
546,Training,Complete task A,4/5/2004,16,15,true,critical,Rani Guymer,1693
547,Training,Review task B,11/19/2002,10,11,false,urgent,Beauregard Currell,2169
548,Marketing,Complete task A,3/3/2004,45,7,false,high,Merrill Robbey,1170
549,Sales,Update task D,12/21/2007,49,11,false,low,Marguerite Hendrickx,3662
550,Product Management,Complete task A,7/17/2022,40,8,false,high,Xaviera Oolahan,2586
551,Research and Development,Assign task E,7/8/2020,49,15,false,low,Kim Bradbeer,3397
552,Services,Submit task C,6/28/2006,42,16,false,maximum,Cherri Giorgini,1118
553,Support,Assign task E,3/5/2011,9,17,true,minimal,Elmer Plom,541
554,Engineering,Review task B,5/2/2004,20,11,false,minimal,Normy O'Scully,3013
555,Support,Complete task A,8/10/2019,30,13,true,urgent,Ruthann Mirfield,1107
556,Sales,Assign task E,12/10/2009,18,11,true,low,Emmalynn Whymark,1520
557,Sales,Update task D,9/10/2008,44,5,true,high,Adham Kitley,3917
558,Legal,Assign task E,2/20/2017,46,14,false,moderate,Lovell McGenn,3681
559,Marketing,Submit task C,2/22/2013,46,17,false,urgent,Anya Garmanson,2706
560,Services,Submit task C,12/22/2014,26,11,false,moderate,Gerianne Garforth,2760
561,Accounting,Assign task E,6/28/2007,16,14,false,high,Fidelity Butrimovich,1709
562,Services,Update task D,2/7/2010,18,6,false,maximum,Sheba Westraw,2202
563,Research and Development,Complete task A,12/2/2019,10,10,true,essential,Hendrick Clopton,3866
564,Support,Complete task A,6/20/2001,44,15,true,medium,Tera Cartwright,2908
565,Sales,Submit task C,10/8/2003,18,9,true,urgent,Emylee Hanaford,3229
566,Business Development,Submit task C,12/10/2022,49,13,false,medium,Westley Soitoux,2192
567,Training,Update task D,1/11/2005,28,5,false,moderate,Bren Traill,2908
568,Accounting,Complete task A,7/17/2014,50,8,false,moderate,Marya Ducroe,1225
569,Sales,Assign task E,3/9/2012,24,15,false,moderate,Kitti Cossentine,3292
570,Business Development,Assign task E,5/7/2003,35,9,false,critical,Filberto Stringfellow,3639
571,Business Development,Review task B,9/5/2014,36,16,false,medium,Chiquia Fullun,3618
572,Marketing,Assign task E,5/4/2008,43,8,false,high,Xaviera Skone,3643
573,Engineering,Update task D,1/15/2019,17,12,true,critical,Natasha Strother,2345
574,Services,Review task B,6/27/2001,22,8,true,maximum,Miltie Lorence,2384
575,Training,Update task D,9/24/2010,43,10,false,maximum,Zachary Kittle,3350
576,Human Resources,Review task B,3/23/2015,34,16,true,low,Tanner Redit,873
577,Accounting,Review task B,12/26/2009,43,11,true,high,Dmitri Dayes,1658
578,Support,Update task D,11/18/2001,44,17,false,low,Saunder Velareal,3144
579,Support,Update task D,7/25/2001,38,6,false,moderate,Danya Ahrens,989
580,Accounting,Assign task E,8/16/2005,49,17,true,urgent,Saidee Carlill,907
581,Product Management,Review task B,4/30/2012,21,12,true,minimal,Fara Warsop,3405
582,Business Development,Update task D,3/9/2001,46,5,true,minimal,Jan Calverd,2503
583,Services,Review task B,10/8/2020,32,15,false,maximum,Quill Angelo,3127
584,Business Development,Complete task A,9/1/2016,30,17,true,urgent,Wilmar Birchill,2635
585,Engineering,Submit task C,6/14/2018,8,5,true,normal,Kacy Finci,551
586,Accounting,Update task D,7/27/2001,41,6,false,normal,Frannie MacRitchie,725
587,Business Development,Update task D,1/3/2019,41,7,false,normal,Catherina Billin,3869
588,Marketing,Assign task E,8/8/2011,24,16,true,critical,Husein Doumer,2226
589,Accounting,Update task D,4/13/2020,25,6,false,urgent,Jasmine Flawith,2246
590,Research and Development,Update task D,2/14/2013,17,8,true,medium,Fancie Ferrettino,2623
591,Business Development,Complete task A,10/9/2004,16,10,true,low,Georgeanna Poxson,3591
592,Research and Development,Complete task A,6/26/2006,26,10,true,medium,Alejandro Timny,1365
593,Product Management,Review task B,7/19/2003,39,10,true,high,Patsy Daughtery,1380
594,Engineering,Submit task C,2/5/2010,37,14,true,high,Dominga Rannigan,1194
595,Human Resources,Update task D,7/23/2019,45,15,false,moderate,Auria Teggin,1651
596,Human Resources,Review task B,7/10/2013,16,10,false,maximum,Kathye Tredgold,3317
597,Engineering,Update task D,3/31/2022,49,9,false,urgent,Melinde Switsur,2920
598,Training,Assign task E,7/10/2010,38,11,false,maximum,Beverly Romanetti,883
599,Business Development,Submit task C,7/23/2020,36,15,false,critical,Stefanie Tremathack,3541
600,Product Management,Assign task E,11/17/2021,43,17,false,normal,Gayleen Ringsell,3078
601,Services,Submit task C,1/25/2007,27,5,false,medium,Brett Muckley,748
602,Training,Assign task E,9/1/2019,12,14,true,urgent,Ester Repp,668
603,Marketing,Complete task A,5/24/2020,29,13,true,critical,Annabela MacGray,2467
604,Support,Update task D,12/4/2012,30,8,true,low,Fitzgerald Bosward,1351
605,Marketing,Assign task E,8/7/2017,8,9,false,moderate,Merle Dunkinson,3460
606,Research and Development,Update task D,1/27/2000,50,14,false,maximum,Karel Pesik,3696
607,Support,Update task D,11/13/2013,42,8,true,urgent,Joe Chamberlayne,2331
608,Legal,Assign task E,6/14/2006,39,8,false,moderate,Berti Pumphreys,2735
609,Training,Submit task C,1/4/2014,30,9,false,urgent,Galven Martschik,1955
610,Research and Development,Submit task C,5/7/2018,11,12,true,normal,Rosella Rigeby,1073
611,Product Management,Complete task A,2/21/2014,19,11,true,medium,Viki Dowding,3745
612,Human Resources,Complete task A,2/23/2013,12,12,true,urgent,Ulric Tosspell,1926
613,Research and Development,Complete task A,9/5/2017,18,16,false,maximum,Tommy Beesley,1496
614,Training,Review task B,12/26/2011,39,5,true,minimal,Skipton Ellissen,3679
615,Business Development,Complete task A,10/5/2020,27,12,true,essential,Wendi Craigg,1507
616,Support,Assign task E,11/17/2002,32,15,false,urgent,Coleman Pepye,2181
617,Marketing,Assign task E,2/2/2003,13,13,true,urgent,Faina Monks,2790
618,Product Management,Complete task A,5/6/2014,25,14,false,minimal,Natividad Winnard,1976
619,Support,Submit task C,5/12/2016,38,17,false,medium,Skelly Arnau,2743
620,Support,Review task B,5/17/2019,32,13,true,high,Ambrosi Gullane,613
621,Business Development,Review task B,1/10/2014,35,12,false,high,Daphne Slopier,1253
622,Support,Complete task A,7/2/2020,36,15,true,medium,Eliza Bulcock,812
623,Support,Update task D,7/17/2019,31,11,true,essential,Franzen Minithorpe,1392
624,Support,Submit task C,6/7/2020,29,14,true,urgent,Harwell Brocking,1087
625,Marketing,Assign task E,12/1/2002,18,10,false,normal,Clarance Christauffour,3304
626,Sales,Update task D,1/31/2006,40,11,false,moderate,Peterus Trask,2565
627,Research and Development,Update task D,3/3/2019,47,11,false,urgent,Gunther Credland,3621
628,Business Development,Update task D,3/9/2018,19,7,false,moderate,Yanaton Selwood,2237
629,Legal,Submit task C,10/18/2013,12,14,false,normal,Roseanne Jentgens,2480
630,Product Management,Update task D,7/6/2008,8,7,false,normal,Dionis Fairlam,1384
631,Product Management,Update task D,1/11/2005,35,5,false,normal,Shay Beecker,2027
632,Marketing,Review task B,11/13/2008,24,9,false,moderate,Nels Gloy,3756
633,Product Management,Update task D,11/28/2012,29,13,false,maximum,Howard Moultrie,2335
634,Training,Review task B,4/24/2011,20,12,false,critical,Aguistin Spurway,2308
635,Marketing,Update task D,7/14/2006,13,15,false,minimal,Fallon Rizzillo,871
636,Human Resources,Submit task C,10/7/2003,31,9,true,urgent,Marlin Sandhill,3915
637,Legal,Submit task C,3/27/2009,39,6,false,urgent,Maddie Kew,3897
638,Accounting,Update task D,1/23/2018,50,12,false,medium,Mavis Gilling,1921
639,Support,Submit task C,10/27/2019,14,12,false,high,Pamella Ackerley,3081
640,Marketing,Update task D,1/8/2000,22,15,false,essential,Yalonda Broadfoot,1577
641,Legal,Assign task E,12/5/2002,47,12,false,maximum,Karia Meeland,3807
642,Marketing,Submit task C,7/17/2008,9,5,false,urgent,Amerigo Wiper,918
643,Business Development,Submit task C,3/18/2000,11,5,true,medium,Charita Brannan,2064
644,Marketing,Submit task C,6/30/2010,35,12,true,essential,Shawn Mateus,1003
645,Legal,Assign task E,8/6/2018,18,7,true,moderate,Magnum Eric,2279
646,Training,Assign task E,10/30/2005,15,7,true,minimal,Clerissa Gooch,1459
647,Engineering,Update task D,5/27/2013,26,15,true,critical,Stormi Sturgeon,3938
648,Human Resources,Submit task C,6/25/2009,14,14,false,minimal,Alvis Fasson,949
649,Research and Development,Complete task A,3/3/2020,9,12,true,medium,Issiah Eicheler,2287
650,Sales,Review task B,2/26/2009,23,17,false,critical,Elyse Ommundsen,521
651,Business Development,Review task B,3/12/2010,10,17,false,high,Sandi Camus,2978
652,Legal,Assign task E,7/26/2011,8,11,true,urgent,Lynne Teresi,1737
653,Accounting,Submit task C,12/1/2020,34,16,false,low,Reggy Fewless,575
654,Accounting,Complete task A,3/18/2005,10,10,false,essential,Pegeen Pethick,3492
655,Engineering,Assign task E,5/17/2002,38,16,true,minimal,Darelle Cyphus,2084
656,Support,Submit task C,6/26/2011,19,10,false,maximum,Lambert Hupe,3577
657,Human Resources,Complete task A,1/4/2016,24,9,true,maximum,Zoe Earley,1540
658,Accounting,Review task B,2/20/2011,35,17,true,medium,Gavin Weddeburn,1051
659,Accounting,Review task B,8/9/2019,30,10,true,medium,Lurette Grenville,1647
660,Research and Development,Review task B,10/7/2009,37,13,false,maximum,Dwain Sargint,1137
661,Business Development,Complete task A,6/20/2014,38,6,true,maximum,Valene Pearch,3131
662,Engineering,Review task B,12/21/2017,30,7,false,minimal,Meir Volcker,2351
663,Engineering,Update task D,12/24/2000,13,13,true,low,Bobbee Castiglio,1032
664,Product Management,Update task D,4/21/2010,43,9,false,high,Boigie Jephcote,1863
665,Engineering,Complete task A,5/16/2002,35,16,false,normal,Edlin Huggin,3257
666,Business Development,Submit task C,4/9/2000,13,7,false,normal,Joyous Lally,3251
667,Legal,Assign task E,1/27/2005,33,9,true,essential,Thelma Hrinchishin,748
668,Engineering,Submit task C,12/21/2020,10,12,false,critical,Diana Mimmack,2424
669,Human Resources,Complete task A,5/9/2001,9,13,true,low,Adan Jellman,1231
670,Support,Update task D,7/10/2014,27,8,false,moderate,Axel Hanbury-Brown,2722
671,Engineering,Review task B,9/18/2010,10,9,true,moderate,Barry Norquoy,3382
672,Support,Complete task A,7/5/2020,45,15,true,medium,Wilfrid McCabe,2347
673,Accounting,Review task B,9/6/2008,28,17,true,essential,Dex Hugett,780
674,Business Development,Assign task E,5/18/2008,47,17,true,maximum,Cthrine Gorst,1072
675,Product Management,Update task D,11/2/2005,43,14,false,medium,Gilligan Deverille,3671
676,Support,Update task D,5/17/2017,8,10,true,high,Trudi Buckenham,1617
677,Business Development,Complete task A,11/3/2017,14,16,true,normal,Crysta Houseman,3073
678,Support,Review task B,11/29/2012,29,10,true,critical,Micah Favel,1210
679,Engineering,Review task B,10/5/2011,16,6,true,critical,Stephine Serris,2277
680,Product Management,Review task B,9/6/2018,35,12,false,moderate,Leora Prangle,3478
681,Product Management,Submit task C,2/10/2009,14,14,false,essential,Allx Sholem,1063
682,Training,Review task B,7/20/2008,21,11,false,minimal,Rosalinda Becke,3406
683,Business Development,Submit task C,1/3/2000,25,10,false,minimal,Hynda Beaby,2598
684,Engineering,Assign task E,9/25/2002,40,5,true,critical,Calhoun Bottrill,1617
685,Sales,Submit task C,4/16/2006,10,16,true,essential,Sherry Wainer,2575
686,Marketing,Review task B,4/13/2009,41,13,true,critical,Domingo Rohan,551
687,Services,Assign task E,10/31/2002,33,15,true,medium,Emlynn Bootyman,2723
688,Support,Review task B,4/4/2017,42,15,true,essential,Harv Peto,1721
689,Business Development,Submit task C,8/9/2019,46,13,true,normal,Alvan Keaveny,900
690,Support,Submit task C,4/17/2005,9,8,true,essential,Fabian Venn,3446
691,Marketing,Update task D,3/10/2004,22,12,true,high,Robers Suttill,3714
692,Research and Development,Update task D,4/25/2001,9,10,false,maximum,Pauly Griston,816
693,Legal,Submit task C,3/16/2003,37,10,true,low,Seymour Ohm,3250
694,Support,Assign task E,7/4/2014,15,8,true,essential,Morris Spurgeon,3842
695,Product Management,Review task B,2/9/2002,15,9,false,normal,Lark Elvidge,749
696,Research and Development,Update task D,1/1/2007,19,9,true,minimal,Latashia Pulfer,1010
697,Services,Complete task A,3/8/2013,18,8,false,essential,Quinn Gregolotti,1169
698,Support,Update task D,2/16/2019,16,5,true,urgent,Myrtia Waumsley,2713
699,Sales,Complete task A,3/18/2018,39,8,true,minimal,Terza McCrum,1818
700,Research and Development,Review task B,11/18/2011,15,13,true,critical,Meier Fairhead,3316
701,Legal,Update task D,9/23/2003,25,5,true,minimal,Abraham Yeulet,1786
702,Marketing,Submit task C,12/18/2019,40,15,true,urgent,Sybila Gregoriou,2536
703,Support,Update task D,12/31/2014,24,16,true,moderate,Ricki Dunbavin,3668
704,Product Management,Review task B,6/21/2013,43,13,false,maximum,Nissie Dunmore,1613
705,Engineering,Submit task C,1/30/2019,39,7,false,urgent,Harriette Chanders,2065
706,Training,Update task D,3/12/2011,39,17,true,medium,Glynis Gilmore,2221
707,Engineering,Update task D,7/19/2007,37,7,false,medium,Dar Tumini,3285
708,Research and Development,Submit task C,10/24/2003,14,6,true,medium,Giulietta Kiddy,1708
709,Research and Development,Review task B,9/25/2008,10,17,false,maximum,Corny Olyfant,1699
710,Research and Development,Update task D,4/23/2001,16,15,true,maximum,Juanita Shegog,3673
711,Accounting,Review task B,1/14/2005,8,10,true,low,Jacquelynn Springham,2115
712,Human Resources,Update task D,9/14/2007,29,7,false,minimal,Baryram Scantleberry,1275
713,Research and Development,Submit task C,6/18/2020,48,9,true,moderate,Lorilee Giacomoni,2086
714,Marketing,Assign task E,2/9/2012,24,5,true,low,Elden Yeiles,3380
715,Support,Assign task E,3/31/2001,13,11,false,medium,Foster Copeman,1455
716,Legal,Review task B,10/9/2018,45,16,true,moderate,Gerik Japp,943
717,Training,Review task B,8/21/2003,22,9,false,minimal,Robinett Fortescue,2930
718,Support,Update task D,7/21/2016,24,10,false,urgent,Nellie Bulcock,926
719,Services,Review task B,7/2/2009,50,6,true,minimal,Darb Meneer,3921
720,Support,Submit task C,8/20/2001,44,12,true,critical,Claire Fido,2340
721,Research and Development,Complete task A,4/25/2008,32,10,true,moderate,Dunn Skule,1386
722,Marketing,Submit task C,9/19/2017,30,7,true,essential,Rosaline Mainstone,3739
723,Engineering,Assign task E,10/1/2022,9,6,true,moderate,Zea Hebdon,1890
724,Sales,Submit task C,12/31/2011,27,8,false,moderate,Joby Paddemore,2891
725,Accounting,Review task B,1/18/2000,21,8,true,medium,Clayton Labes,567
726,Engineering,Assign task E,5/22/2008,43,12,true,low,Benedikta Brandacci,2605
727,Engineering,Update task D,8/25/2006,24,17,false,normal,Parke Guilloton,2643
728,Services,Complete task A,10/10/2022,14,16,true,critical,Danila Lount,928
729,Accounting,Complete task A,3/2/2022,39,15,true,moderate,Briano Moggach,3211
730,Training,Complete task A,6/19/2006,32,9,false,minimal,Court Haggata,622
731,Human Resources,Complete task A,4/1/2019,12,7,false,medium,Jourdan Barstowk,3658
732,Marketing,Review task B,3/25/2016,47,16,false,normal,Godard Duchesne,875
733,Human Resources,Complete task A,11/23/2010,32,9,false,low,Paxon O'Loinn,2995
734,Human Resources,Assign task E,7/14/2014,46,15,false,critical,Pegeen Mulbery,2052
735,Business Development,Update task D,4/8/2020,44,8,true,moderate,Lesya Batchelar,3441
736,Engineering,Submit task C,12/29/2008,39,15,false,normal,Ethel Crofts,2788
737,Research and Development,Assign task E,11/29/2004,10,14,false,high,Ezra McCluskey,3429
738,Marketing,Complete task A,8/18/2005,35,17,false,high,Ula Lugsdin,2249
739,Support,Complete task A,4/23/2011,10,13,false,essential,Ottilie Bartley,2837
740,Business Development,Submit task C,5/14/2021,48,14,false,medium,Amos Klaves,3182
741,Product Management,Update task D,5/21/2008,39,8,false,high,Sandor Keeble,3879
742,Engineering,Review task B,5/21/2003,31,7,true,critical,Vernon Dyne,3659
743,Accounting,Assign task E,4/16/2000,11,11,false,high,Bette Mattisson,712
744,Human Resources,Submit task C,2/1/2009,41,7,true,essential,Reggie Maidlow,923
745,Business Development,Assign task E,9/11/2021,32,12,true,minimal,Clarance Brierley,3426
746,Services,Update task D,9/22/2008,23,17,true,moderate,Gardy Leamy,750
747,Marketing,Review task B,4/22/2016,47,13,true,maximum,Nealy Timmes,1935
748,Accounting,Assign task E,11/21/2007,18,17,true,maximum,Farr Vlasenkov,1741
749,Business Development,Complete task A,3/23/2009,34,8,true,moderate,Benito Cater,2535
750,Legal,Assign task E,10/30/2009,42,5,false,critical,Lazare Standbrook,2219
751,Product Management,Submit task C,11/16/2010,8,6,false,normal,Clementia Kennally,3581
752,Human Resources,Update task D,12/30/2021,36,8,true,medium,Laetitia Padkin,1154
753,Accounting,Assign task E,1/4/2021,11,5,true,minimal,Sheilakathryn Cotterill,3983
754,Product Management,Assign task E,11/23/2008,47,6,false,minimal,Pierette Riddington,3533
755,Services,Review task B,12/10/2003,9,11,true,critical,Tracey Ive,2035
756,Sales,Update task D,6/2/2007,12,6,true,high,Fredric Tumayan,1010
757,Marketing,Assign task E,8/21/2004,11,7,true,normal,Paola Hopfer,3352
758,Legal,Update task D,6/24/2015,39,14,false,maximum,Quintus Basden,3532
759,Support,Review task B,8/17/2021,35,13,false,medium,Lavinia Stockoe,3037
760,Training,Submit task C,6/11/2002,15,8,true,critical,Edmund Woolfenden,2192
761,Accounting,Submit task C,12/17/2006,10,17,true,minimal,Yul Leishman,1155
762,Accounting,Submit task C,8/2/2013,44,16,true,low,Trever Spriddle,1415
763,Research and Development,Review task B,6/24/2004,24,8,false,moderate,Stanislaw Aynscombe,1219
764,Training,Review task B,1/22/2020,18,7,true,moderate,Godfry Wankling,3702
765,Sales,Update task D,3/29/2010,42,9,true,moderate,Chrissy Tydd,1970
766,Support,Assign task E,3/2/2015,17,15,true,moderate,Kaela Gypson,3926
767,Product Management,Review task B,2/24/2010,44,15,true,critical,Gillan Painten,3188
768,Human Resources,Complete task A,12/31/2008,8,14,false,medium,Berne Latch,1171
769,Support,Submit task C,2/27/2019,45,6,false,moderate,Clyve Margrett,1200
770,Services,Submit task C,12/12/2000,38,15,true,maximum,Penelopa Manicomb,1128
771,Research and Development,Assign task E,4/25/2016,27,5,true,urgent,Malanie Hargie,773
772,Marketing,Assign task E,2/9/2022,39,12,false,maximum,Elena Birdwhistell,2535
773,Business Development,Submit task C,4/17/2021,46,12,true,urgent,Jorge Murtagh,3072
774,Engineering,Update task D,3/14/2014,35,6,true,high,Brett Arington,3978
775,Services,Review task B,1/1/2005,20,15,true,high,Sibylle Mickan,1840
776,Marketing,Submit task C,3/8/2021,15,11,false,minimal,Barnebas Mourbey,758
777,Training,Assign task E,5/21/2001,11,13,false,critical,Angeline Aloshkin,2800
778,Services,Submit task C,2/8/2021,20,8,false,urgent,Rickert Bastin,3631
779,Legal,Update task D,2/18/2020,23,10,true,essential,Pepi Bourget,565
780,Sales,Complete task A,12/15/2016,36,8,true,low,Hunfredo Leatt,2824
781,Legal,Update task D,1/23/2005,27,8,true,normal,Joaquin Casserly,1553
782,Training,Complete task A,3/19/2013,28,8,false,maximum,Lanette Birdall,3596
783,Sales,Review task B,2/5/2012,19,14,true,urgent,Abrahan Shafe,3715
784,Marketing,Review task B,7/30/2018,18,8,true,urgent,Emogene Koppens,1695
785,Support,Assign task E,6/11/2012,50,12,false,critical,Odelia Minghella,3608
786,Accounting,Complete task A,11/13/2006,40,12,false,medium,Armin Halfhead,1683
787,Support,Complete task A,2/15/2022,30,11,true,low,Leon Fitzsimmons,1368
788,Engineering,Complete task A,11/30/2002,17,6,false,low,Moishe Sneller,1623
789,Support,Review task B,4/10/2010,33,16,true,critical,Kermie Gellett,3786
790,Human Resources,Assign task E,2/10/2013,35,13,true,medium,Zaria Pickwell,589
791,Services,Assign task E,1/28/2018,37,11,true,urgent,Nadine Bleddon,1283
792,Accounting,Review task B,9/17/2009,28,14,false,urgent,Leyla Kuhnt,3495
793,Services,Review task B,8/14/2006,43,9,false,minimal,Adlai Hearsum,1972
794,Accounting,Update task D,2/10/2001,16,5,false,medium,Fredrika Brake,2642
795,Training,Submit task C,8/20/2002,45,10,false,low,Wood Izod,890
796,Business Development,Submit task C,7/4/2004,10,8,true,low,Ludwig Paniman,3033
797,Sales,Submit task C,6/1/2015,39,9,false,urgent,Welbie Gianasi,2223
798,Human Resources,Submit task C,4/24/2010,19,14,true,minimal,Evelina Emery,2413
799,Business Development,Assign task E,2/28/2010,44,5,true,high,Joannes Eslemont,1388
800,Sales,Update task D,6/26/2015,35,9,true,medium,Glennie Lecointe,1115
801,Services,Submit task C,12/21/2014,39,15,false,critical,Chere Cristofolini,2484
802,Services,Complete task A,12/7/2022,13,12,false,medium,Lance Pallent,2225
803,Marketing,Submit task C,3/27/2012,27,15,false,normal,Maurie Hixley,1367
804,Legal,Update task D,8/6/2007,32,16,true,medium,Ken Keson,1322
805,Business Development,Review task B,3/28/2013,27,12,true,normal,Erika Lowsely,1767
806,Business Development,Complete task A,4/5/2007,41,17,true,normal,Mignon Libero,1775
807,Accounting,Complete task A,10/19/2016,47,6,false,moderate,Dewain Meneur,826
808,Services,Complete task A,11/6/2004,28,7,false,maximum,Tisha Scarlin,3043
809,Business Development,Complete task A,7/24/2010,26,11,true,critical,Leila Collop,3662
810,Training,Update task D,5/15/2005,34,10,false,urgent,Jacqueline Avis,1214
811,Training,Review task B,6/9/2008,24,16,true,maximum,Harry Hannaford,539
812,Accounting,Submit task C,1/4/2000,44,6,true,high,Lionello Sparkwill,3483
813,Engineering,Update task D,8/3/2016,45,8,false,urgent,Karlis Nuton,1326
814,Support,Submit task C,2/2/2001,25,12,true,essential,Fanchon Harriskine,1681
815,Services,Complete task A,8/30/2008,19,11,true,essential,Antonie Engledow,1959
816,Product Management,Update task D,7/15/2001,35,6,true,essential,Spence Whitton,3946
817,Legal,Review task B,12/11/2015,48,16,true,medium,Pearle Farnaby,1382
818,Business Development,Submit task C,9/23/2004,16,9,false,moderate,Claudie Joontjes,2108
819,Support,Review task B,12/15/2018,30,9,false,critical,Brittany Feldberg,1485
820,Sales,Complete task A,6/14/2015,15,8,true,critical,Murvyn Broxholme,3608
821,Product Management,Assign task E,4/9/2008,35,8,true,maximum,Magdaia Ganders,1583
822,Business Development,Complete task A,12/4/2010,36,17,true,low,Ame Peffer,2352
823,Support,Update task D,12/4/2002,19,8,false,normal,Lydia Coolbear,640
824,Marketing,Review task B,4/24/2015,14,15,true,normal,Nanni Dolman,1824
825,Support,Submit task C,10/3/2009,26,8,false,high,Annis Swaite,2430
826,Sales,Submit task C,6/22/2021,33,10,true,normal,Elspeth Oseman,1587
827,Training,Review task B,4/26/2001,26,10,true,medium,Sara-ann Garrattley,1619
828,Support,Submit task C,7/10/2014,20,15,false,maximum,Dougie Lerway,3173
829,Training,Complete task A,5/19/2014,20,12,true,high,Slade Harnetty,3035
830,Accounting,Assign task E,12/30/2018,16,11,false,critical,Harris Wincom,3252
831,Legal,Submit task C,11/14/2010,10,11,true,essential,Skelly Inker,3671
832,Engineering,Assign task E,8/5/2007,18,6,true,high,Illa Pittford,2067
833,Sales,Complete task A,4/6/2016,30,6,false,high,Ev Brandoni,1360
834,Marketing,Review task B,1/25/2005,48,16,true,medium,Vivian Johnes,3827
835,Sales,Update task D,12/22/2008,37,8,false,low,Germain Clapshaw,2929
836,Human Resources,Update task D,5/31/2021,31,15,true,low,Hugibert Ciric,3935
837,Training,Complete task A,4/20/2019,43,14,true,essential,Lisetta Weetch,2021
838,Research and Development,Submit task C,6/15/2006,47,16,false,urgent,Erasmus Ferbrache,1127
839,Training,Update task D,2/24/2004,24,11,true,low,Renata Chantree,2391
840,Sales,Assign task E,7/30/2010,23,16,true,normal,Mattie Hollington,3677
841,Services,Update task D,1/20/2015,17,12,false,low,Sigvard Cheverell,3441
842,Research and Development,Update task D,4/1/2014,9,15,true,normal,Giselbert Domeny,1386
843,Human Resources,Update task D,10/18/2019,17,6,true,high,Janeczka Revie,3835
844,Marketing,Assign task E,6/15/2003,18,12,true,low,Danette McCooke,1039
845,Legal,Assign task E,5/16/2005,37,6,false,essential,Joann Boddice,3963
846,Sales,Review task B,9/19/2018,15,12,false,normal,Vernon Abramovici,1904
847,Training,Update task D,2/18/2012,43,9,false,urgent,Deeanne Brandli,1408
848,Human Resources,Assign task E,7/2/2022,34,16,true,essential,Winslow MacVanamy,1223
849,Engineering,Update task D,12/21/2014,27,11,true,urgent,Helene Larchier,3508
850,Human Resources,Complete task A,10/21/2016,23,6,true,critical,Kristofor Beardon,3680
851,Business Development,Submit task C,9/5/2007,35,11,false,moderate,William Creek,1219
852,Services,Submit task C,10/8/2016,11,14,true,moderate,Cherish Worman,2725
853,Human Resources,Submit task C,2/5/2002,25,5,false,normal,Blake Queen,2016
854,Legal,Update task D,1/19/2013,10,14,false,normal,Franni Tedridge,2800
855,Human Resources,Assign task E,7/31/2012,28,16,true,urgent,Eduardo Greenrodd,1690
856,Training,Update task D,2/10/2012,10,9,true,medium,Ardelle Greeves,1571
857,Legal,Submit task C,5/10/2018,37,12,true,critical,Shamus McDonnell,2152
858,Marketing,Submit task C,3/21/2002,12,6,true,maximum,Vittoria Bradie,3331
859,Sales,Assign task E,3/26/2011,49,17,true,urgent,Hannis Glasby,3606
860,Human Resources,Review task B,9/11/2011,43,14,false,high,Darcie Langlais,573
861,Training,Review task B,12/27/2015,48,7,true,moderate,Jed Putley,965
862,Product Management,Review task B,2/23/2006,18,6,true,high,Matilde Fanstone,3171
863,Training,Review task B,8/21/2012,44,9,false,high,Burtie Aguilar,1142
864,Services,Complete task A,10/13/2015,43,8,true,high,Agna De Launde,3409
865,Accounting,Review task B,4/22/2006,13,13,false,moderate,Huberto McAusland,3946
866,Services,Complete task A,5/10/2009,28,9,true,moderate,Royal Wishart,1972
867,Services,Assign task E,7/10/2018,37,14,false,urgent,Solomon Fidelus,1367
868,Accounting,Assign task E,2/28/2010,50,9,false,moderate,Lon Molen,3724
869,Business Development,Review task B,2/10/2004,17,15,false,moderate,Say Worsley,2944
870,Legal,Assign task E,4/18/2004,31,10,false,urgent,Ali Jewar,3534
871,Business Development,Assign task E,11/9/2009,24,17,false,high,Clevey Jouanet,889
872,Product Management,Review task B,10/14/2022,50,7,true,critical,Philipa Leakner,3103
873,Legal,Submit task C,7/22/2009,9,9,true,minimal,Hebert Howden,2364
874,Business Development,Complete task A,3/15/2005,30,11,true,moderate,Sherwood Scamel,730
875,Training,Complete task A,7/18/2021,8,9,false,minimal,Tanner Dougary,1747
876,Support,Review task B,9/23/2001,16,9,false,high,Stacey McLaren,1431
877,Business Development,Update task D,8/5/2015,44,9,true,minimal,Ilario Elphinstone,2259
878,Sales,Review task B,11/22/2020,18,17,false,moderate,Ariel Stuart,2396
879,Research and Development,Assign task E,12/13/2018,35,7,true,critical,Wyatan Lovett,616
880,Marketing,Submit task C,8/6/2012,29,11,true,low,Cymbre Sedwick,2438
881,Human Resources,Update task D,11/26/2015,38,10,true,maximum,Joyce Sallan,3456
882,Engineering,Submit task C,7/28/2014,49,17,true,urgent,Bard Bader,2376
883,Training,Assign task E,4/18/2013,30,9,true,critical,Carine Heims,2608
884,Engineering,Submit task C,10/22/2001,43,10,true,minimal,Johnette Dumbleton,2161
885,Support,Complete task A,4/2/2012,45,8,true,urgent,Joella Tuerena,2438
886,Sales,Update task D,6/12/2000,47,7,true,urgent,Pincas Neeson,3168
887,Engineering,Update task D,9/22/2017,9,10,false,minimal,Hendrick Barns,2223
888,Research and Development,Complete task A,3/2/2013,39,5,true,high,Maryann Tackett,2367
889,Training,Submit task C,12/8/2010,38,8,false,medium,Quentin Saxelby,2952
890,Research and Development,Submit task C,1/25/2008,14,13,true,minimal,Rocky Balden,1704
891,Training,Review task B,7/14/2013,50,17,true,maximum,Chrystel Keohane,1428
892,Marketing,Assign task E,8/8/2013,42,5,true,minimal,Irwinn Fripp,3993
893,Product Management,Update task D,11/10/2011,42,14,false,maximum,Francois McCurtain,814
894,Marketing,Update task D,6/14/2014,17,10,false,high,Royce Mertin,2003
895,Research and Development,Update task D,11/16/2012,36,7,false,medium,Jammie Glossop,3479
896,Engineering,Submit task C,1/31/2014,19,7,true,medium,Wakefield Sadgrove,2422
897,Accounting,Assign task E,7/25/2019,50,10,false,low,Charley Lieber,907
898,Services,Assign task E,9/1/2002,23,8,false,high,Ashleigh Belin,635
899,Support,Update task D,5/13/2006,28,5,true,medium,Aura Scurr,1960
900,Marketing,Complete task A,8/10/2004,25,16,false,moderate,Marcella Ettels,3558
